instance,Abox,vars,clauses,grounding (ms),result,solving QUANTOR (1000s timeout)
inst_1_1.out ,56,,,5, , 4ms
inst_1_2.out ,56,131,3174,26,0, 12ms
inst_1_3.out ,56,161,3292,25,0, 32ms
inst_1_4.out ,56,161,3292,30,0, 32ms
inst_1_5.out ,56,191,3410,29,0, 74ms
inst_1_6.out ,56,191,3410,23,1, 79ms
inst_1_7.out ,56,191,3410,24,0, 83ms
inst_1_8.out ,56,191,3410,23,1, 94ms
inst_1_9.out ,56,221,3528,24,0, 250ms
inst_1_10.out ,56,221,3528,27,1, 234ms
inst_1_11.out ,56,221,3528,25,0, 348ms
inst_1_12.out ,56,221,3528,25,1, 225ms
inst_1_13.out ,56,221,3528,25,0, 452ms
inst_1_14.out ,56,221,3528,25,1, 219ms
inst_1_15.out ,56,221,3528,28,0, 864ms
inst_1_16.out ,56,221,3528,31,1, 273ms
inst_1_17.out ,56,251,3646,28,0, 1588ms
inst_1_18.out ,56,251,3646,30,1, 709ms
inst_1_19.out ,56,251,3646,31,0, 2667ms
inst_1_20.out ,56,251,3646,27,1, 758ms
inst_1_21.out ,56,251,3646,26,0, 4439ms
inst_1_22.out ,56,251,3646,30,1, 807ms
inst_1_23.out ,56,251,3646,31,0, 6310ms
inst_1_24.out ,56,251,3646,27,1, 816ms
inst_1_25.out ,56,251,3646,30,0, 24434ms
inst_1_26.out ,56,251,3646,30,1, 751ms
inst_1_27.out ,56,251,3646,28,0, 6692ms
inst_1_28.out ,56,251,3646,25,1, 663ms
inst_1_29.out ,56,251,3646,25,0, 18755ms
inst_1_30.out ,56,251,3646,27,1, 1070ms
inst_2_1.out ,53,,,6, , 3ms
inst_2_2.out ,53,131,3174,26,0, 12ms
inst_2_3.out ,53,161,3292,23,0, 31ms
inst_2_4.out ,53,161,3292,29,0, 34ms
inst_2_5.out ,53,191,3410,24,0, 45ms
inst_2_6.out ,53,191,3410,28,0, 53ms
inst_2_7.out ,53,191,3410,26,0, 66ms
inst_2_8.out ,53,191,3410,26,0, 62ms
inst_2_9.out ,53,221,3528,29,0, 196ms
inst_2_10.out ,53,221,3528,27,1, 189ms
inst_2_11.out ,53,221,3528,30,0, 194ms
inst_2_12.out ,53,221,3528,29,1, 191ms
inst_2_13.out ,53,221,3528,25,0, 226ms
inst_2_14.out ,53,221,3528,32,1, 209ms
inst_2_15.out ,53,221,3528,25,0, 319ms
inst_2_16.out ,53,221,3528,34,1, 215ms
inst_2_17.out ,53,251,3646,34,0, 732ms
inst_2_18.out ,53,251,3646,26,1, 655ms
inst_2_19.out ,53,251,3646,30,0, 1017ms
inst_2_20.out ,53,251,3646,31,1, 623ms
inst_2_21.out ,53,251,3646,27,0, 1521ms
inst_2_22.out ,53,251,3646,26,1, 666ms
inst_2_23.out ,53,251,3646,32,0, 1870ms
inst_2_24.out ,53,251,3646,29,1, 700ms
inst_2_25.out ,53,251,3646,27,0, 3443ms
inst_2_26.out ,53,251,3646,30,1, 643ms
inst_2_27.out ,53,251,3646,29,0, 6186ms
inst_2_28.out ,53,251,3646,26,1, 751ms
inst_2_29.out ,53,251,3646,27,0, 6439ms
inst_2_30.out ,53,251,3646,31,1, 747ms
inst_3_1.out ,55,,,7, , 3ms
inst_3_2.out ,55,131,3174,23,0, 14ms
inst_3_3.out ,55,161,3292,25,0, 31ms
inst_3_4.out ,55,161,3292,29,0, 35ms
inst_3_5.out ,55,191,3410,26,0, 57ms
inst_3_6.out ,55,191,3410,27,1, 82ms
inst_3_7.out ,55,191,3410,24,0, 61ms
inst_3_8.out ,55,191,3410,28,1, 81ms
inst_3_9.out ,55,221,3528,32,0, 239ms
inst_3_10.out ,55,221,3528,29,1, 199ms
inst_3_11.out ,55,221,3528,29,0, 276ms
inst_3_12.out ,55,221,3528,31,1, 233ms
inst_3_13.out ,55,221,3528,27,0, 368ms
inst_3_14.out ,55,221,3528,28,1, 223ms
inst_3_15.out ,55,221,3528,30,0, 544ms
inst_3_16.out ,55,221,3528,25,1, 259ms
inst_3_17.out ,55,251,3646,27,0, 1783ms
inst_3_18.out ,55,251,3646,28,1, 661ms
inst_3_19.out ,55,251,3646,28,0, 2096ms
inst_3_20.out ,55,251,3646,32,1, 673ms
inst_3_21.out ,55,251,3646,29,0, 3459ms
inst_3_22.out ,55,251,3646,26,1, 637ms
inst_3_23.out ,55,251,3646,29,0, 5228ms
inst_3_24.out ,55,251,3646,30,1, 685ms
inst_3_25.out ,55,251,3646,32,0, 7848ms
inst_3_26.out ,55,251,3646,28,1, 718ms
inst_3_27.out ,55,251,3646,26,0, 12402ms
inst_3_28.out ,55,251,3646,29,1, 901ms
inst_3_29.out ,55,251,3646,26,0, 17512ms
inst_3_30.out ,55,251,3646,26,1, 747ms
inst_4_1.out ,57,,,10, , 3ms
inst_4_2.out ,57,187,6780,51,0, 30ms
inst_4_3.out ,57,229,6946,55,0, 104ms
inst_4_4.out ,57,229,6946,50,0, 124ms
inst_4_5.out ,57,271,7112,57,0, 166ms
inst_4_6.out ,57,271,7112,53,0, 175ms
inst_4_7.out ,57,271,7112,55,0, 207ms
inst_4_8.out ,57,271,7112,55,0, 191ms
inst_4_9.out ,57,313,7278,63,0, 681ms
inst_4_10.out ,57,313,7278,60,0, 726ms
inst_4_11.out ,57,313,7278,63,0, 762ms
inst_4_12.out ,57,313,7278,64,1, 806ms
inst_4_13.out ,57,313,7278,57,0, 913ms
inst_4_14.out ,57,313,7278,62,1, 920ms
inst_4_15.out ,57,313,7278,61,0, 1377ms
inst_4_16.out ,57,313,7278,57,1, 1098ms
inst_4_17.out ,57,355,7444,66,0, 3159ms
inst_4_18.out ,57,355,7444,64,1, 3054ms
inst_4_19.out ,57,355,7444,62,0, 6294ms
inst_4_20.out ,57,355,7444,66,1, 3137ms
inst_4_21.out ,57,355,7444,65,0, 12448ms
inst_4_22.out ,57,355,7444,64,1, 3121ms
inst_4_23.out ,57,355,7444,66,0, 48670ms
inst_4_24.out ,57,355,7444,60,1, 3395ms
inst_4_25.out ,57,355,7444,66,0, 88195ms
inst_4_26.out ,57,355,7444,70,1, 3099ms
inst_4_27.out ,57,355,7444,60,0, 62258ms
inst_4_28.out ,57,355,7444,67,1, 4165ms
inst_4_29.out ,57,355,7444,68,0, 126495ms
inst_4_30.out ,57,355,7444,58,1, 4116ms
inst_5_1.out ,58,,,11, , 3ms
inst_5_2.out ,58,187,6780,50,0, 36ms
inst_5_3.out ,58,229,6946,51,0, 111ms
inst_5_4.out ,58,229,6946,52,0, 117ms
inst_5_5.out ,58,271,7112,56,0, 200ms
inst_5_6.out ,58,271,7112,58,0, 218ms
inst_5_7.out ,58,271,7112,51,0, 206ms
inst_5_8.out ,58,271,7112,57,0, 237ms
inst_5_9.out ,58,313,7278,60,0, 808ms
inst_5_10.out ,58,313,7278,62,1, 807ms
inst_5_11.out ,58,313,7278,69,0, 951ms
inst_5_12.out ,58,313,7278,65,1, 913ms
inst_5_13.out ,58,313,7278,64,0, 1427ms
inst_5_14.out ,58,313,7278,64,1, 871ms
inst_5_15.out ,58,313,7278,57,0, 2459ms
inst_5_16.out ,58,313,7278,61,1, 1174ms
inst_5_17.out ,58,355,7444,65,0, 7256ms
inst_5_18.out ,58,355,7444,66,1, 3000ms
inst_5_19.out ,58,355,7444,63,0, 14634ms
inst_5_20.out ,58,355,7444,60,1, 2982ms
inst_5_21.out ,58,355,7444,64,0, 25545ms
inst_5_22.out ,58,355,7444,59,1, 3169ms
inst_5_23.out ,58,355,7444,63,0, 44364ms
inst_5_24.out ,58,355,7444,69,1, 4010ms
inst_5_25.out ,58,355,7444,60,0, 42488ms
inst_5_26.out ,58,355,7444,63,1, 4159ms
inst_5_27.out ,58,355,7444,67,0, 31243ms
inst_5_28.out ,58,355,7444,59,1, 3105ms
inst_5_29.out ,58,355,7444,62,0, 23387ms
inst_5_30.out ,58,355,7444,67,1, 4245ms
inst_6_1.out ,56,,,5, , 3ms
inst_6_2.out ,56,187,6780,51,0, 39ms
inst_6_3.out ,56,229,6946,65,0, 104ms
inst_6_4.out ,56,229,6946,60,0, 107ms
inst_6_5.out ,56,271,7112,61,0, 178ms
inst_6_6.out ,56,271,7112,52,0, 189ms
inst_6_7.out ,56,271,7112,56,0, 187ms
inst_6_8.out ,56,271,7112,55,0, 196ms
inst_6_9.out ,56,313,7278,66,0, 746ms
inst_6_10.out ,56,313,7278,69,0, 770ms
inst_6_11.out ,56,313,7278,62,0, 776ms
inst_6_12.out ,56,313,7278,67,0, 785ms
inst_6_13.out ,56,313,7278,68,0, 810ms
inst_6_14.out ,56,313,7278,68,0, 850ms
inst_6_15.out ,56,313,7278,58,0, 944ms
inst_6_16.out ,56,313,7278,57,1, 1032ms
inst_6_17.out ,56,355,7444,73,0, 2455ms
inst_6_18.out ,56,355,7444,63,1, 2896ms
inst_6_19.out ,56,355,7444,63,0, 3491ms
inst_6_20.out ,56,355,7444,65,1, 3276ms
inst_6_21.out ,56,355,7444,65,0, 4338ms
inst_6_22.out ,56,355,7444,68,1, 3040ms
inst_6_23.out ,56,355,7444,63,0, 8060ms
inst_6_24.out ,56,355,7444,63,1, 3546ms
inst_6_25.out ,56,355,7444,66,0, 15947ms
inst_6_26.out ,56,355,7444,63,1, 4081ms
inst_6_27.out ,56,355,7444,64,0, 32245ms
inst_6_28.out ,56,355,7444,69,1, 4056ms
inst_6_29.out ,56,355,7444,68,0, 18909ms
inst_6_30.out ,56,355,7444,68,1, 4679ms
inst_7_1.out ,60,,,7, , 3ms
inst_7_2.out ,60,253,12832,101,0, 104ms
inst_7_3.out ,60,309,13054,104,0, 200ms
inst_7_4.out ,60,309,13054,106,0, 221ms
inst_7_5.out ,60,365,13276,106,0, 622ms
inst_7_6.out ,60,365,13276,108,0, 698ms
inst_7_7.out ,60,365,13276,104,0, 690ms
inst_7_8.out ,60,365,13276,108,0, 699ms
inst_7_9.out ,60,421,13498,111,0, 1643ms
inst_7_10.out ,60,421,13498,116,0, 1712ms
inst_7_11.out ,60,421,13498,116,0, 1802ms
inst_7_12.out ,60,421,13498,120,1, 1983ms
inst_7_13.out ,60,421,13498,113,0, 2174ms
inst_7_14.out ,60,421,13498,110,1, 2662ms
inst_7_15.out ,60,421,13498,112,0, 2778ms
inst_7_16.out ,60,421,13498,114,1, 2807ms
inst_7_17.out ,60,477,13720,113,0, 11350ms
inst_7_18.out ,60,477,13720,116,1, 14106ms
inst_7_19.out ,60,477,13720,114,0, 31243ms
inst_7_20.out ,60,477,13720,110,1, 18008ms
inst_7_21.out ,60,477,13720,112,0, 87271ms
inst_7_22.out ,60,477,13720,112,1, 19231ms
inst_7_23.out ,60,477,13720,114,0, 335843ms
inst_7_24.out ,60,477,13720,113,1, 21868ms
inst_7_25.out ,60,477,13720,110,0, 719504ms
inst_7_26.out ,60,477,13720,114,1, 16981ms
inst_7_27.out ,60,477,13720,117, , 1000015ms
inst_7_28.out ,60,477,13720,109,1, 22531ms
inst_7_29.out ,60,477,13720,114, , 1000014ms
inst_7_30.out ,60,477,13720,113,1, 21812ms
inst_8_1.out ,63,,,9, , 3ms
inst_8_2.out ,63,253,12832,101,0, 123ms
inst_8_3.out ,63,309,13054,106,0, 178ms
inst_8_4.out ,63,309,13054,103,0, 199ms
inst_8_5.out ,63,365,13276,104,0, 678ms
inst_8_6.out ,63,365,13276,110,0, 699ms
inst_8_7.out ,63,365,13276,106,0, 711ms
inst_8_8.out ,63,365,13276,107,0, 830ms
inst_8_9.out ,63,421,13498,116,0, 1788ms
inst_8_10.out ,63,421,13498,108,1, 2111ms
inst_8_11.out ,63,421,13498,109,0, 2507ms
inst_8_12.out ,63,421,13498,115,1, 1986ms
inst_8_13.out ,63,421,13498,117,0, 3571ms
inst_8_14.out ,63,421,13498,113,1, 3111ms
inst_8_15.out ,63,421,13498,113,0, 8416ms
inst_8_16.out ,63,421,13498,113,1, 2852ms
inst_8_17.out ,63,477,13720,119,0, 36607ms
inst_8_18.out ,63,477,13720,115,1, 13686ms
inst_8_19.out ,63,477,13720,107,0, 96101ms
inst_8_20.out ,63,477,13720,114,1, 16924ms
inst_8_21.out ,63,477,13720,115,0, 169611ms
inst_8_22.out ,63,477,13720,115,1, 19647ms
inst_8_23.out ,63,477,13720,112,0, 75020ms
inst_8_24.out ,63,477,13720,119,1, 14302ms
inst_8_25.out ,63,477,13720,111,0, 79228ms
inst_8_26.out ,63,477,13720,109,1, 27407ms
inst_8_27.out ,63,477,13720,112,0, 85618ms
inst_8_28.out ,63,477,13720,110,1, 24048ms
inst_8_29.out ,63,477,13720,108,0, 87686ms
inst_8_30.out ,63,477,13720,114,1, 23502ms
inst_9_1.out ,59,,,4, , 4ms
inst_9_2.out ,59,253,12832,102,0, 99ms
inst_9_3.out ,59,309,13054,106,0, 164ms
inst_9_4.out ,59,309,13054,101,0, 183ms
inst_9_5.out ,59,365,13276,105,0, 554ms
inst_9_6.out ,59,365,13276,108,0, 572ms
inst_9_7.out ,59,365,13276,108,0, 587ms
inst_9_8.out ,59,365,13276,101,0, 609ms
inst_9_9.out ,59,421,13498,113,0, 1509ms
inst_9_10.out ,59,421,13498,116,0, 1519ms
inst_9_11.out ,59,421,13498,118,0, 1530ms
inst_9_12.out ,59,421,13498,116,0, 1592ms
inst_9_13.out ,59,421,13498,119,0, 1594ms
inst_9_14.out ,59,421,13498,109,0, 1626ms
inst_9_15.out ,59,421,13498,112,0, 1733ms
inst_9_16.out ,59,421,13498,116,0, 2207ms
inst_9_17.out ,59,477,13720,114,0, 7185ms
inst_9_18.out ,59,477,13720,116,0, 13428ms
inst_9_19.out ,59,477,13720,116,0, 13909ms
inst_9_20.out ,59,477,13720,112,1, 14654ms
inst_9_21.out ,59,477,13720,111,0, 16923ms
inst_9_22.out ,59,477,13720,110,1, 15870ms
inst_9_23.out ,59,477,13720,113,0, 28359ms
inst_9_24.out ,59,477,13720,109,1, 18730ms
inst_9_25.out ,59,477,13720,112,0, 63481ms
inst_9_26.out ,59,477,13720,115,1, 17195ms
inst_9_27.out ,59,477,13720,111,0, 137007ms
inst_9_28.out ,59,477,13720,115,1, 17276ms
inst_9_29.out ,59,477,13720,113,0, 350972ms
inst_9_30.out ,59,477,13720,114,1, 20918ms
inst_10_1.out ,62,,,6, , 4ms
inst_10_2.out ,62,329,22242,171,0, 221ms
inst_10_3.out ,62,401,22528,176,0, 463ms
inst_10_4.out ,62,401,22528,173,0, 498ms
inst_10_5.out ,62,473,22814,177,0, 1741ms
inst_10_6.out ,62,473,22814,176,0, 1831ms
inst_10_7.out ,62,473,22814,172,0, 1844ms
inst_10_8.out ,62,473,22814,177,0, 1893ms
inst_10_9.out ,62,545,23100,183,0, 2916ms
inst_10_10.out ,62,545,23100,181,0, 2906ms
inst_10_11.out ,62,545,23100,185,0, 3443ms
inst_10_12.out ,62,545,23100,187,0, 3519ms
inst_10_13.out ,62,545,23100,186,0, 3453ms
inst_10_14.out ,62,545,23100,190,0, 3535ms
inst_10_15.out ,62,545,23100,191,0, 3515ms
inst_10_16.out ,62,545,23100,178,0, 3681ms
inst_10_17.out ,62,617,23386,191,0, 12183ms
inst_10_18.out ,62,617,23386,189,0, 38001ms
inst_10_19.out ,62,617,23386,188,0, 36996ms
inst_10_20.out ,62,617,23386,185,1, 39889ms
inst_10_21.out ,62,617,23386,184,0, 41527ms
inst_10_22.out ,62,617,23386,186,1, 40604ms
inst_10_23.out ,62,617,23386,181,0, 48786ms
inst_10_24.out ,62,617,23386,188,1, 43879ms
inst_10_25.out ,62,617,23386,183,0, 67618ms
inst_10_26.out ,62,617,23386,188,1, 44766ms
inst_10_27.out ,62,617,23386,187,0, 190004ms
inst_10_28.out ,62,617,23386,190,1, 55668ms
inst_10_29.out ,62,617,23386,186,0, 618128ms
inst_10_30.out ,62,617,23386,184,1, 51379ms
inst_11_1.out ,63,,,7, , 3ms
inst_11_2.out ,63,329,22242,168,0, 215ms
inst_11_3.out ,63,401,22528,176,0, 494ms
inst_11_4.out ,63,401,22528,175,0, 515ms
inst_11_5.out ,63,473,22814,178,0, 1790ms
inst_11_6.out ,63,473,22814,176,0, 1838ms
inst_11_7.out ,63,473,22814,174,0, 1891ms
inst_11_8.out ,63,473,22814,176,0, 2052ms
inst_11_9.out ,63,545,23100,184,0, 3518ms
inst_11_10.out ,63,545,23100,178,0, 3592ms
inst_11_11.out ,63,545,23100,177,0, 3629ms
inst_11_12.out ,63,545,23100,181,0, 3755ms
inst_11_13.out ,63,545,23100,182,0, 3743ms
inst_11_14.out ,63,545,23100,184,0, 3894ms
inst_11_15.out ,63,545,23100,182,0, 4625ms
inst_11_16.out ,63,545,23100,185,0, 5453ms
inst_11_17.out ,63,617,23386,187,0, 15956ms
inst_11_18.out ,63,617,23386,187,0, 45300ms
inst_11_19.out ,63,617,23386,189,0, 46238ms
inst_11_20.out ,63,617,23386,192,0, 50927ms
inst_11_21.out ,63,617,23386,195,0, 49490ms
inst_11_22.out ,63,617,23386,202,1, 57503ms
inst_11_23.out ,63,617,23386,187,0, 67707ms
inst_11_24.out ,63,617,23386,187,1, 55408ms
inst_11_25.out ,63,617,23386,187,0, 142965ms
inst_11_26.out ,63,617,23386,186,1, 58545ms
inst_11_27.out ,63,617,23386,187,0, 411442ms
inst_11_28.out ,63,617,23386,182,1, 65385ms
inst_11_29.out ,63,617,23386,187, , 1000020ms
inst_11_30.out ,63,617,23386,187,1, 61785ms
inst_12_1.out ,63,,,11, , 2ms
inst_12_2.out ,63,329,22242,175,0, 227ms
inst_12_3.out ,63,401,22528,177,0, 506ms
inst_12_4.out ,63,401,22528,178,0, 494ms
inst_12_5.out ,63,473,22814,174,0, 1759ms
inst_12_6.out ,63,473,22814,177,0, 1842ms
inst_12_7.out ,63,473,22814,177,0, 1820ms
inst_12_8.out ,63,473,22814,176,0, 1992ms
inst_12_9.out ,63,545,23100,184,0, 3413ms
inst_12_10.out ,63,545,23100,181,0, 3538ms
inst_12_11.out ,63,545,23100,185,0, 3477ms
inst_12_12.out ,63,545,23100,178,0, 3591ms
inst_12_13.out ,63,545,23100,186,0, 3709ms
inst_12_14.out ,63,545,23100,188,0, 4166ms
inst_12_15.out ,63,545,23100,192,0, 5005ms
inst_12_16.out ,63,545,23100,192,0, 5367ms
inst_12_17.out ,63,617,23386,194,0, 15662ms
inst_12_18.out ,63,617,23386,187,0, 43674ms
inst_12_19.out ,63,617,23386,187,0, 43949ms
inst_12_20.out ,63,617,23386,188,1, 48377ms
inst_12_21.out ,63,617,23386,188,0, 51554ms
inst_12_22.out ,63,617,23386,188,1, 49820ms
inst_12_23.out ,63,617,23386,186,0, 91866ms
inst_12_24.out ,63,617,23386,189,1, 49924ms
inst_12_25.out ,63,617,23386,187,0, 250593ms
inst_12_26.out ,63,617,23386,185,1, 59770ms
inst_12_27.out ,63,617,23386,185,0, 963329ms
inst_12_28.out ,63,617,23386,189,1, 64220ms
inst_12_29.out ,63,617,23386,188, , 1000017ms
inst_12_30.out ,63,617,23386,187,1, 63200ms
inst_13_1.out ,68,,,12, , 3ms
inst_13_2.out ,68,415,36066,265,0, 527ms
inst_13_3.out ,68,505,36424,275,0, 1165ms
inst_13_4.out ,68,505,36424,274,0, 1256ms
inst_13_5.out ,68,595,36782,295,0, 5235ms
inst_13_6.out ,68,595,36782,299,0, 5800ms
inst_13_7.out ,68,595,36782,292,0, 5761ms
inst_13_8.out ,68,595,36782,288,0, 5784ms
inst_13_9.out ,68,685,37140,275,0, 9518ms
inst_13_10.out ,68,685,37140,282,0, 9752ms
inst_13_11.out ,68,685,37140,282,0, 10106ms
inst_13_12.out ,68,685,37140,280,0, 10965ms
inst_13_13.out ,68,685,37140,281,0, 11792ms
inst_13_14.out ,68,685,37140,277,0, 14576ms
inst_13_15.out ,68,685,37140,283,0, 15376ms
inst_13_16.out ,68,685,37140,281,0, 18045ms
inst_13_17.out ,68,775,37498,289,0, 33983ms
inst_13_18.out ,68,775,37498,286,1, 133408ms
inst_13_19.out ,68,775,37498,296,0, 159090ms
inst_13_20.out ,68,775,37498,295,1, 145559ms
inst_13_21.out ,68,775,37498,286,0, 237141ms
inst_13_22.out ,68,775,37498,283,1, 150132ms
inst_13_23.out ,68,775,37498,284,0, 877809ms
inst_13_24.out ,68,775,37498,288,1, 164185ms
inst_13_25.out ,68,775,37498,284, , 1000030ms
inst_13_26.out ,68,775,37498,284,1, 185832ms
inst_13_27.out ,68,775,37498,297, , 1000028ms
inst_13_28.out ,68,775,37498,284,1, 186946ms
inst_13_29.out ,68,775,37498,295, , 1000032ms
inst_13_30.out ,68,775,37498,286,1, 207128ms
inst_14_1.out ,68,,,9, , 3ms
inst_14_2.out ,68,415,36066,273,0, 501ms
inst_14_3.out ,68,505,36424,267,0, 1129ms
inst_14_4.out ,68,505,36424,274,0, 1199ms
inst_14_5.out ,68,595,36782,282,0, 4941ms
inst_14_6.out ,68,595,36782,271,0, 5185ms
inst_14_7.out ,68,595,36782,277,0, 5494ms
inst_14_8.out ,68,595,36782,287,0, 5623ms
inst_14_9.out ,68,685,37140,284,0, 9169ms
inst_14_10.out ,68,685,37140,278,0, 9374ms
inst_14_11.out ,68,685,37140,288,0, 9696ms
inst_14_12.out ,68,685,37140,281,0, 10629ms
inst_14_13.out ,68,685,37140,290,0, 11765ms
inst_14_14.out ,68,685,37140,288,0, 13386ms
inst_14_15.out ,68,685,37140,284,0, 13554ms
inst_14_16.out ,68,685,37140,278,0, 16618ms
inst_14_17.out ,68,775,37498,291,0, 59575ms
inst_14_18.out ,68,775,37498,288,0, 152354ms
inst_14_19.out ,68,775,37498,286,0, 146167ms
inst_14_20.out ,68,775,37498,283,1, 157446ms
inst_14_21.out ,68,775,37498,285,0, 203238ms
inst_14_22.out ,68,775,37498,284,1, 157633ms
inst_14_23.out ,68,775,37498,288,0, 535351ms
inst_14_24.out ,68,775,37498,286,1, 252568ms
inst_14_25.out ,68,775,37498,285, , 1000035ms
inst_14_26.out ,68,775,37498,287,1, 203034ms
inst_14_27.out ,68,775,37498,286, , 1000028ms
inst_14_28.out ,68,775,37498,289,1, 153428ms
inst_14_29.out ,68,775,37498,286, , 1000027ms
inst_14_30.out ,68,775,37498,288,1, 207911ms
inst_15_1.out ,69,,,8, , 3ms
inst_15_2.out ,69,415,36066,269,0, 521ms
inst_15_3.out ,69,505,36424,270,0, 1148ms
inst_15_4.out ,69,505,36424,270,0, 1200ms
inst_15_5.out ,69,595,36782,277,0, 4993ms
inst_15_6.out ,69,595,36782,272,0, 5131ms
inst_15_7.out ,69,595,36782,280,0, 5600ms
inst_15_8.out ,69,595,36782,274,0, 5618ms
inst_15_9.out ,69,685,37140,281,0, 9386ms
inst_15_10.out ,69,685,37140,279,0, 9348ms
inst_15_11.out ,69,685,37140,291,0, 9429ms
inst_15_12.out ,69,685,37140,278,0, 10510ms
inst_15_13.out ,69,685,37140,281,0, 11906ms
inst_15_14.out ,69,685,37140,302,0, 15900ms
inst_15_15.out ,69,685,37140,283,0, 16150ms
inst_15_16.out ,69,685,37140,282,1, 20325ms
inst_15_17.out ,69,775,37498,284,0, 38862ms
inst_15_18.out ,69,775,37498,280,1, 146621ms
inst_15_19.out ,69,775,37498,286,0, 191235ms
inst_15_20.out ,69,775,37498,291,1, 160250ms
inst_15_21.out ,69,775,37498,291,0, 380014ms
inst_15_22.out ,69,775,37498,287,1, 156877ms
inst_15_23.out ,69,775,37498,291, , 1000030ms
inst_15_24.out ,69,775,37498,293,1, 163367ms
inst_15_25.out ,69,775,37498,282, , 1000031ms
inst_15_26.out ,69,775,37498,286,1, 173769ms
inst_15_27.out ,69,775,37498,288, , 1000029ms
inst_15_28.out ,69,775,37498,283,1, 204881ms
inst_15_29.out ,69,775,37498,289, , 1000030ms
inst_15_30.out ,69,775,37498,287,1, 192087ms
inst_16_1.out ,69,,,13, , 3ms
inst_16_2.out ,69,511,55504,428,0, 1576ms
inst_16_3.out ,69,621,55942,432,0, 3075ms
inst_16_4.out ,69,621,55942,432,0, 3161ms
inst_16_5.out ,69,731,56380,438,0, 12383ms
inst_16_6.out ,69,731,56380,451,0, 12804ms
inst_16_7.out ,69,731,56380,449,0, 12486ms
inst_16_8.out ,69,731,56380,453,0, 12674ms
inst_16_9.out ,69,841,56818,460,0, 18739ms
inst_16_10.out ,69,841,56818,458,0, 19164ms
inst_16_11.out ,69,841,56818,452,0, 22294ms
inst_16_12.out ,69,841,56818,455,0, 23012ms
inst_16_13.out ,69,841,56818,467,0, 21983ms
inst_16_14.out ,69,841,56818,457,0, 22643ms
inst_16_15.out ,69,841,56818,460,0, 22707ms
inst_16_16.out ,69,841,56818,456,0, 23913ms
inst_16_17.out ,69,951,57256,461,0, 59399ms
inst_16_18.out ,69,951,57256,456,0, 217484ms
inst_16_19.out ,69,951,57256,457,0, 216549ms
inst_16_20.out ,69,951,57256,468,0, 223607ms
inst_16_21.out ,69,951,57256,451,0, 219140ms
inst_16_22.out ,69,951,57256,457,0, 221750ms
inst_16_23.out ,69,951,57256,453,0, 235560ms
inst_16_24.out ,69,951,57256,454,0, 237328ms
inst_16_25.out ,69,951,57256,455,0, 238756ms
inst_16_26.out ,69,951,57256,460,0, 245893ms
inst_16_27.out ,69,951,57256,459,0, 268463ms
inst_16_28.out ,69,951,57256,451,0, 303734ms
inst_16_29.out ,69,951,57256,457,0, 315998ms
inst_16_30.out ,69,951,57256,455,1, 682345ms
inst_17_1.out ,68,2,2,7,   , 3ms
inst_17_2.out ,68,511,55504,428,0, 1505ms
inst_17_3.out ,68,621,55942,427,0, 2772ms
inst_17_4.out ,68,621,55942,431,0, 3551ms
inst_17_5.out ,68,731,56380,441,0, 12581ms
inst_17_6.out ,68,731,56380,439,0, 12174ms
inst_17_7.out ,68,731,56380,439,0, 12355ms
inst_17_8.out ,68,731,56380,440,0, 12218ms
inst_17_9.out ,68,841,56818,458,0, 18056ms
inst_17_10.out ,68,841,56818,449,0, 18193ms
inst_17_11.out ,68,841,56818,452,0, 18441ms
inst_17_12.out ,68,841,56818,459,0, 19640ms
inst_17_13.out ,68,841,56818,450,0, 21422ms
inst_17_14.out ,68,841,56818,454,0, 21235ms
inst_17_15.out ,68,841,56818,453,0, 21353ms
inst_17_16.out ,68,841,56818,447,0, 22093ms
inst_17_17.out ,68,951,57256,455,0, 52219ms
inst_17_18.out ,68,951,57256,459,0, 209191ms
inst_17_19.out ,68,951,57256,450,0, 213266ms
inst_17_20.out ,68,951,57256,454,0, 212786ms
inst_17_21.out ,68,951,57256,461,0, 218878ms
inst_17_22.out ,68,951,57256,453,0, 222194ms
inst_17_23.out ,68,951,57256,455,0, 233361ms
inst_17_24.out ,68,951,57256,457,0, 228062ms
inst_17_25.out ,68,951,57256,452,0, 236324ms
inst_17_26.out ,68,951,57256,453,0, 255102ms
inst_17_27.out ,68,951,57256,455,0, 267445ms
inst_17_28.out ,68,951,57256,453,1, 264786ms
inst_17_29.out ,68,951,57256,460,0, 292798ms
inst_17_30.out ,68,951,57256,453,1, 284544ms
inst_18_1.out ,69,2,2,9,   , 3ms
inst_18_2.out ,69,511,55504,428,0, 1485ms
inst_18_3.out ,69,621,55942,436,0, 3136ms
inst_18_4.out ,69,621,55942,437,0, 2947ms
inst_18_5.out ,69,731,56380,441,0, 11992ms
inst_18_6.out ,69,731,56380,436,0, 13088ms
inst_18_7.out ,69,731,56380,441,0, 12303ms
inst_18_8.out ,69,731,56380,448,0, 12320ms
inst_18_9.out ,69,841,56818,458,0, 18194ms
inst_18_10.out ,69,841,56818,450,0, 18526ms
inst_18_11.out ,69,841,56818,453,0, 22100ms
inst_18_12.out ,69,841,56818,461,0, 23209ms
inst_18_13.out ,69,841,56818,453,0, 22060ms
inst_18_14.out ,69,841,56818,449,0, 23235ms
inst_18_15.out ,69,841,56818,484,0, 23846ms
inst_18_16.out ,69,841,56818,466,0, 24461ms
inst_18_17.out ,69,951,57256,455,0, 59281ms
inst_18_18.out ,69,951,57256,452,0, 212783ms
inst_18_19.out ,69,951,57256,456,0, 214482ms
inst_18_20.out ,69,951,57256,458,0, 220715ms
inst_18_21.out ,69,951,57256,455,0, 221375ms
inst_18_22.out ,69,951,57256,463,0, 226692ms
inst_18_23.out ,69,951,57256,454,0, 227683ms
inst_18_24.out ,69,951,57256,464,0, 253068ms
inst_18_25.out ,69,951,57256,471,0, 250297ms
inst_18_26.out ,69,951,57256,457,1, 286967ms
inst_18_27.out ,69,951,57256,457,0, 265246ms
inst_18_28.out ,69,951,57256,456,1, 360354ms
inst_18_29.out ,69,951,57256,455,0, 583923ms
inst_18_30.out ,69,951,57256,455,1, 295442ms
inst_19_1.out ,72,2,2,14,   , 4ms
inst_19_2.out ,72,617,81900,661,0, 3399ms
inst_19_3.out ,72,749,82426,652,0, 6078ms
inst_19_4.out ,72,749,82426,648,0, 7023ms
inst_19_5.out ,72,881,82952,651,0, 25693ms
inst_19_6.out ,72,881,82952,650,0, 25569ms
inst_19_7.out ,72,881,82952,653,0, 25089ms
inst_19_8.out ,72,881,82952,652,0, 25489ms
inst_19_9.out ,72,1013,83478,671,0, 39070ms
inst_19_10.out ,72,1013,83478,670,0, 38898ms
inst_19_11.out ,72,1013,83478,661,0, 45574ms
inst_19_12.out ,72,1013,83478,661,0, 46792ms
inst_19_13.out ,72,1013,83478,662,0, 46048ms
inst_19_14.out ,72,1013,83478,672,0, 46022ms
inst_19_15.out ,72,1013,83478,661,0, 46994ms
inst_19_16.out ,72,1013,83478,663,0, 47810ms
inst_19_17.out ,72,1145,84004,681,0, 115700ms
inst_19_18.out ,72,1145,84004,678,0, 373459ms
inst_19_19.out ,72,1145,84004,680,0, 383147ms
inst_19_20.out ,72,1145,84004,683,0, 394622ms
inst_19_21.out ,72,1145,84004,672,0, 390522ms
inst_19_22.out ,72,1145,84004,685,0, 397409ms
inst_19_23.out ,72,1145,84004,679,0, 398930ms
inst_19_24.out ,72,1145,84004,676,0, 418575ms
inst_19_25.out ,72,1145,84004,682,0, 421977ms
inst_19_26.out ,72,1145,84004,678,0, 477729ms
inst_19_27.out ,72,1145,84004,679,0, 490883ms
inst_19_28.out ,72,1145,84004,677,0, 670612ms
inst_19_29.out ,72,1145,84004,684,0, 705996ms
inst_19_30.out ,72,1145,84004,678, , 1000050ms
inst_20_1.out ,72,2,2,13,   , 4ms
inst_20_2.out ,72,617,81900,648,0, 3426ms
inst_20_3.out ,72,749,82426,653,0, 7028ms
inst_20_4.out ,72,749,82426,654,0, 8356ms
inst_20_5.out ,72,881,82952,656,0, 26936ms
inst_20_6.out ,72,881,82952,655,0, 24202ms
inst_20_7.out ,72,881,82952,667,0, 24799ms
inst_20_8.out ,72,881,82952,659,0, 25002ms
inst_20_9.out ,72,1013,83478,669,0, 38748ms
inst_20_10.out ,72,1013,83478,672,0, 46692ms
inst_20_11.out ,72,1013,83478,664,0, 46987ms
inst_20_12.out ,72,1013,83478,672,0, 48296ms
inst_20_13.out ,72,1013,83478,660,0, 48511ms
inst_20_14.out ,72,1013,83478,663,0, 47835ms
inst_20_15.out ,72,1013,83478,660,0, 48589ms
inst_20_16.out ,72,1013,83478,665,0, 51303ms
inst_20_17.out ,72,1145,84004,674,0, 119387ms
inst_20_18.out ,72,1145,84004,672,0, 380138ms
inst_20_19.out ,72,1145,84004,676,0, 393923ms
inst_20_20.out ,72,1145,84004,673,0, 409727ms
inst_20_21.out ,72,1145,84004,682,0, 398710ms
inst_20_22.out ,72,1145,84004,677,0, 408274ms
inst_20_23.out ,72,1145,84004,683,0, 424682ms
inst_20_24.out ,72,1145,84004,675,0, 428037ms
inst_20_25.out ,72,1145,84004,683,0, 456584ms
inst_20_26.out ,72,1145,84004,678,0, 497924ms
inst_20_27.out ,72,1145,84004,675,0, 502591ms
inst_20_28.out ,72,1145,84004,680,0, 585011ms
inst_20_29.out ,72,1145,84004,678,0, 583001ms
inst_20_30.out ,72,1145,84004,678, , 1000055ms
inst_21_1.out ,72,2,2,12,   , 3ms
inst_21_2.out ,72,617,81900,640,0, 3602ms
inst_21_3.out ,72,749,82426,654,0, 7051ms
inst_21_4.out ,72,749,82426,654,0, 7693ms
inst_21_5.out ,72,881,82952,652,0, 27919ms
inst_21_6.out ,72,881,82952,647,0, 27821ms
inst_21_7.out ,72,881,82952,656,0, 28243ms
inst_21_8.out ,72,881,82952,654,0, 28892ms
inst_21_9.out ,72,1013,83478,666,0, 41661ms
inst_21_10.out ,72,1013,83478,670,0, 43255ms
inst_21_11.out ,72,1013,83478,666,0, 44358ms
inst_21_12.out ,72,1013,83478,670,0, 51811ms
inst_21_13.out ,72,1013,83478,662,0, 50090ms
inst_21_14.out ,72,1013,83478,664,0, 51341ms
inst_21_15.out ,72,1013,83478,671,0, 50960ms
inst_21_16.out ,72,1013,83478,665,0, 51038ms
inst_21_17.out ,72,1145,84004,679,0, 120206ms
inst_21_18.out ,72,1145,84004,674,0, 390751ms
inst_21_19.out ,72,1145,84004,676,0, 387003ms
inst_21_20.out ,72,1145,84004,674,0, 384354ms
inst_21_21.out ,72,1145,84004,677,0, 385039ms
inst_21_22.out ,72,1145,84004,676,0, 398773ms
inst_21_23.out ,72,1145,84004,677,0, 399830ms
inst_21_24.out ,72,1145,84004,680,0, 429105ms
inst_21_25.out ,72,1145,84004,672,0, 425606ms
inst_21_26.out ,72,1145,84004,674,0, 478471ms
inst_21_27.out ,72,1145,84004,676,0, 475702ms
inst_21_28.out ,72,1145,84004,682,0, 643028ms
inst_21_29.out ,72,1145,84004,702,0, 657230ms
inst_21_30.out ,72,1145,84004,684, , 1000047ms
inst_22_1.out ,76,2,2,8,   , 3ms
inst_22_2.out ,76,733,116742,946,0, 8993ms
inst_22_3.out ,76,889,117364,969,0, 15682ms
inst_22_4.out ,76,889,117364,956,0, 15780ms
inst_22_5.out ,76,1045,117986,995,0, 52399ms
inst_22_6.out ,76,1045,117986,965,0, 52860ms
inst_22_7.out ,76,1045,117986,966,0, 52305ms
inst_22_8.out ,76,1045,117986,967,0, 53435ms
inst_22_9.out ,76,1201,118608,1004,0, 77759ms
inst_22_10.out ,76,1201,118608,1005,0, 98718ms
inst_22_11.out ,76,1201,118608,998,0, 96579ms
inst_22_12.out ,76,1201,118608,1010,0, 98180ms
inst_22_13.out ,76,1201,118608,996,0, 98030ms
inst_22_14.out ,76,1201,118608,1001,0, 98081ms
inst_22_15.out ,76,1201,118608,1003,0, 98776ms
inst_22_16.out ,76,1201,118608,1000,0, 98973ms
inst_22_17.out ,76,1357,119230,998,0, 230412ms
inst_22_18.out ,76,1357,119230,995,0, 695020ms
inst_22_19.out ,76,1357,119230,989,0, 704792ms
inst_22_20.out ,76,1357,119230,995,0, 728616ms
inst_22_21.out ,76,1357,119230,979,0, 744903ms
inst_22_22.out ,76,1357,119230,977,0, 789725ms
inst_22_23.out ,76,1357,119230,987,0, 775669ms
inst_22_24.out ,76,1357,119230,979,0, 848097ms
inst_22_25.out ,76,1357,119230,974,0, 866972ms
inst_22_26.out ,76,1357,119230,982,0, 992279ms
inst_22_27.out ,76,1357,119230,988, , 1000068ms
inst_22_28.out ,76,1357,119230,978, , 1000066ms
inst_22_29.out ,76,1357,119230,981, , 1000065ms
inst_22_30.out ,76,1357,119230,977, , 1000060ms
inst_23_1.out ,77,2,2,11,   , 3ms
inst_23_2.out ,77,733,116742,949,0, 9775ms
inst_23_3.out ,77,889,117364,961,0, 15544ms
inst_23_4.out ,77,889,117364,953,0, 13213ms
inst_23_5.out ,77,1045,117986,953,0, 48216ms
inst_23_6.out ,77,1045,117986,952,0, 55021ms
inst_23_7.out ,77,1045,117986,950,0, 55663ms
inst_23_8.out ,77,1045,117986,952,0, 56601ms
inst_23_9.out ,77,1201,118608,996,0, 97062ms
inst_23_10.out ,77,1201,118608,999,0, 97055ms
inst_23_11.out ,77,1201,118608,1014,0, 100073ms
inst_23_12.out ,77,1201,118608,1002,0, 105661ms
inst_23_13.out ,77,1201,118608,1002,0, 104515ms
inst_23_14.out ,77,1201,118608,1004,0, 116418ms
inst_23_15.out ,77,1201,118608,996,0, 110193ms
inst_23_16.out ,77,1201,118608,1005,0, 124953ms
inst_23_17.out ,77,1357,119230,1017,0, 272085ms
inst_23_18.out ,77,1357,119230,993,0, 776838ms
inst_23_19.out ,77,1357,119230,1002,0, 796945ms
inst_23_20.out ,77,1357,119230,981,0, 803392ms
inst_23_21.out ,77,1357,119230,1000,0, 833125ms
inst_23_22.out ,77,1357,119230,978,0, 968475ms
inst_23_23.out ,77,1357,119230,981, , 1000068ms
inst_23_24.out ,77,1357,119230,980, , 1000061ms
inst_23_25.out ,77,1357,119230,999, , 1000084ms
inst_23_26.out ,77,1357,119230,993, , 1000077ms
inst_23_27.out ,77,1357,119230,999, , 1000077ms
inst_23_28.out ,77,1357,119230,998, , 1000072ms
inst_23_29.out ,77,1357,119230,1000, , 1000066ms
inst_23_30.out ,77,1357,119230,996, , 1000065ms
inst_24_1.out ,75,2,2,11,   , 4ms
inst_24_2.out ,75,733,116742,949,0, 9886ms
inst_24_3.out ,75,889,117364,956,0, 14308ms
inst_24_4.out ,75,889,117364,962,0, 13221ms
inst_24_5.out ,75,1045,117986,966,0, 47723ms
inst_24_6.out ,75,1045,117986,967,0, 48593ms
inst_24_7.out ,75,1045,117986,969,0, 50622ms
inst_24_8.out ,75,1045,117986,994,0, 50085ms
inst_24_9.out ,75,1201,118608,1004,0, 77683ms
inst_24_10.out ,75,1201,118608,1008,0, 74401ms
inst_24_11.out ,75,1201,118608,1000,0, 91617ms
inst_24_12.out ,75,1201,118608,1022,0, 93202ms
inst_24_13.out ,75,1201,118608,1010,0, 92376ms
inst_24_14.out ,75,1201,118608,997,0, 93675ms
inst_24_15.out ,75,1201,118608,1002,0, 93921ms
inst_24_16.out ,75,1201,118608,1014,0, 95360ms
inst_24_17.out ,75,1357,119230,985,0, 221299ms
inst_24_18.out ,75,1357,119230,986,0, 696469ms
inst_24_19.out ,75,1357,119230,974,0, 715246ms
inst_24_20.out ,75,1357,119230,983,0, 718963ms
inst_24_21.out ,75,1357,119230,975,0, 726663ms
inst_24_22.out ,75,1357,119230,982,0, 744972ms
inst_24_23.out ,75,1357,119230,980,0, 742801ms
inst_24_24.out ,75,1357,119230,982,0, 771975ms
inst_24_25.out ,75,1357,119230,982,0, 763413ms
inst_24_26.out ,75,1357,119230,981,0, 801980ms
inst_24_27.out ,75,1357,119230,982,0, 839391ms
inst_24_28.out ,75,1357,119230,979,0, 940127ms
inst_24_29.out ,75,1357,119230,984,0, 883746ms
inst_24_30.out ,75,1357,119230,984,0, 946395ms
